cluster_2,0,1,Total,CG_Percentage,OR_Percentage
0,4895,3343,8238,0.40580237921825685,0.5941976207817431
1,15320,16862,32182,0.5239574917655833,0.47604250823441674
