Number of Clusters (k),Davies-Bouldin Index
2.0,6.612772433136081
3.0,6.382339341565701
4.0,8.162010735588028
5.0,8.52326219812429
6.0,7.601356603481855
7.0,7.060086610530404
8.0,6.5894745425003896
9.0,6.589484587607683
10.0,6.862590663040882
