Number of Clusters (k),Davies-Bouldin Index
2.0,6.612772433136083
3.0,6.3823393415657
4.0,8.16201073558803
5.0,8.52326219812429
6.0,7.601356603481857
7.0,7.060086610530404
8.0,6.58947454250039
9.0,6.589484587607682
10.0,6.862590663040881
